{"info/pre_freeze_param_count": 51335176, "info/post_freeze_param_count": 51335176, "_timestamp": 1723819072.9552412, "_runtime": 28.003252267837524, "_step": 0, "_wandb": {"runtime": 27}}