{"info/pre_freeze_param_count": 51335176, "info/post_freeze_param_count": 51335176, "_timestamp": 1723821435.1184814, "_runtime": 112.73588848114014, "_step": 183, "train/cls": 0.8725072145462036, "_wandb": {"runtime": 125}}