{"info/pre_freeze_param_count": 51335176, "info/post_freeze_param_count": 51335176, "_timestamp": 1723821215.9362385, "_runtime": 141.3288595676422, "_step": 240, "train/cls": 1.0576986074447632, "valid/mse": {"min": 0.9711315681126492}, "valid/err": 0.3789846517119244, "valid/dab": {"min": 0.0}, "valid/sum_mse_dab": {"min": 0.9711315681126492}, "epoch": 1, "_wandb": {"runtime": 140}}